Iteration,Best Score
1,7.600788433528652e+18
2,7.421220933693503e+18
3,6.613937183775927e+18
4,6.151164743825382e+18
5,5.663402993891322e+18
