Iteration,Best Score
1,9.922335741094593e+18
2,9.321969074510352e+18
3,8.415749174576291e+18
4,7.957724774625746e+18
5,7.573225874691686e+18
