Iteration,Best Score
1,3.972112746078108e+18
2,3.972112746078108e+18
3,3.9306254545433216e+18
4,3.628914517125746e+18
5,3.548466497191686e+18
