Iteration,Best Score
1,6.900569672777744e+18
2,5.640478672857412e+18
3,5.184064610426109e+18
4,5.184064610426109e+18
5,4.206706798041505e+18
