Iteration,Best Score
1,5.365298230244774e+18
2,5.365298230244774e+18
3,4.4967032303601705e+18
4,3.602562897109262e+18
5,3.054099747191688e+18
