Iteration,Best Score
1,1.4435751785261267e+19
2,1.2424696985327208e+19
3,1.202812098539314e+19
4,1.1876618068775928e+19
5,1.1351511943841868e+19
