Iteration,Best Score
1,1.1979714670277747e+19
2,1.1733256150327202e+19
3,1.0876849900376656e+19
4,9.275461675442596e+18
5,8.382359658008535e+18
