Iteration,Best Score
1,8.405267361927927e+18
2,7.318873762010352e+18
3,6.118387324592776e+18
4,5.45196492464223e+18
5,4.331003958041505e+18
