Iteration,Best Score
1,3.7021166094319647e+18
2,3.4571139011810565e+18
3,3.0044889012469985e+18
4,2.549323276312939e+18
5,1.978387838878878e+18
