Iteration,Best Score
1,1.7508763494427935e+19
2,1.6897127994510359e+19
3,1.4393829119592786e+19
4,1.383884642214224e+19
5,1.3304718022208178e+19
