Iteration,Best Score
1,3.5003336178147533e+18
2,2.2412857112140283e+18
3,2.2412857112140283e+18
4,1.5020276463294234e+18
5,1.2195235713953633e+18
