Iteration,Best Score
1,3.5073453786151163e+18
2,2.9658895161975434e+18
3,2.3696986829301504e+18
4,2.3696986829301504e+18
5,2.081841895578515e+18
