Iteration,Best Score
1,3.9485762569279263e+18
2,3.918320007010351e+18
3,3.754170807076291e+18
4,2.4142532904755666e+18
5,2.309122490557992e+18
