Iteration,Best Score
1,7.70960504526126e+18
2,6.585437111993866e+18
3,6.436664487026836e+18
4,5.076766487109261e+18
5,4.530097580508535e+18
