Iteration,Best Score
1,1.2805910488594602e+19
2,1.2435676113660543e+19
3,1.2219889713742959e+19
4,1.205911211377593e+19
5,1.0530310801358354e+19
