Iteration,Best Score
1,5.823453625277745e+18
2,4.806202075343684e+18
3,3.716936450433451e+18
4,3.5044118504920494e+18
5,3.3055014105579894e+18
