Iteration,Best Score
1,9.165209183528652e+18
2,6.938094433627562e+18
3,6.888871333709987e+18
4,6.616692375442594e+18
5,6.315549563008534e+18
