Iteration,Best Score
1,4.03586097276126e+18
2,3.251571910343684e+18
3,2.9752001603766574e+18
4,2.6100665604425974e+18
5,2.605062560525022e+18
