Iteration,Best Score
1,4.839740349431965e+18
2,4.766530524497905e+18
3,3.88020864958033e+18
4,3.88020864958033e+18
5,2.4311092321792415e+18
