Iteration,Best Score
1,4.941174795244773e+18
2,4.652241511960895e+18
3,4.2454898870268365e+18
4,3.2266113537759283e+18
5,2.861651653858355e+18
