Iteration,Best Score
1,2.4560651369444137e+18
2,1.6761776370268385e+18
3,1.6761776370268385e+18
4,1.6761776370268385e+18
5,9.970259705579918e+17
