Iteration,Best Score
1,4.746053985277745e+18
2,3.5569114853601695e+18
3,3.11194486042611e+18
4,3.11194486042611e+18
5,3.11194486042611e+18
