Iteration,Best Score
1,8.002714642695319e+18
2,7.499026296160532e+18
3,6.843255662909625e+18
4,6.415990662975565e+18
5,6.01687770052502e+18
