Iteration,Best Score
1,7.165317191111078e+18
2,6.120109503677018e+18
3,4.5489319704096256e+18
4,3.9020507204920504e+18
5,3.764075320541505e+18
