Iteration,Best Score
1,1.100169187526126e+19
2,8.038828521177017e+18
3,6.266686667079439e+18
4,5.798583617125746e+18
5,5.592289867191686e+18
