Iteration,Best Score
1,6.929376911964932e+18
2,6.670981287030874e+18
3,6.0032037871133e+18
