Iteration,Best Score
1,8.328264189444412e+18
2,6.881728543660533e+18
3,6.303220468742958e+18
4,6.303220468742958e+18
5,5.097910873841867e+18
