Iteration,Best Score
1,1.6249981227653e+18
2,1.47774552283124e+18
3,1.14113146039718e+18
4,9.692837937964534e+17
5,7.756127938459085e+17
