Iteration,Best Score
1,3.218076856148087e+18
2,3.157153106214026e+18
3,2.3764960312634834e+18
4,1.9501860563788782e+18
5,1.5870135564732782e+18
