Iteration,Best Score
1,5.795407216078108e+18
2,5.291693416144047e+18
3,4.874126616209987e+18
4,4.874126616209987e+18
5,4.277155176292413e+18
