Iteration,Best Score
1,5.454708111148086e+18
2,5.140802961214026e+18
3,4.893453711279966e+18
