Iteration,Best Score
1,5.337740086927926e+18
2,4.909302187010351e+18
3,4.849635562059807e+18
4,3.8211075371257467e+18
5,3.3520550371916867e+18
