Best Score,Worst Score,Best Improvement,Average Improvement,Iterations,Time (s),Convergence Rate,Relative Error,Convergence Speed (Stable Iterations)
9.239612472828105e+18,1.0947519222473865e+19,1.7079067496457605e+18,2.846511249409601e+17,6,5.449057579040527,-2.846511249409601e+17,1.0,1
