Best Score,Worst Score,Best Improvement,Average Improvement,Iterations,Time (s),Convergence Rate,Relative Error,Convergence Speed (Stable Iterations)
1.1766871847777745e+19,1.1931149347365622e+19,1.6427749958787686e+17,8.213874979393843e+16,2,7.9951581954956055,-8.213874979393843e+16,1.0,0
