Best Score,Worst Score,Best Improvement,Average Improvement,Iterations,Time (s),Convergence Rate,Relative Error,Convergence Speed (Stable Iterations)
7.756127938459085e+17,-1.4725259993406003e+17,-1.2067853288699366e+18,-3.397541315677566e+16,5,9.606717586517334,-1.698770657838783e+17,1.0,5
