Best Score,Worst Score,Best Improvement,Average Improvement,Iterations,Time (s),Convergence Rate,Relative Error,Convergence Speed (Stable Iterations)
4.331003958041505e+18,9.478738086598226e+18,5.147734128556721e+18,8.579556880927868e+17,6,28.40055775642395,-8.579556880927868e+17,1.0,0
