Iteration,Best Score
1,1.1931149347365622e+19
1,1.1766871847777745e+19
