Iteration,Best Score
1,1.0142491514327493e+19
2,9.681442347710026e+18
3,9.681442347710026e+18
4,9.322087347788745e+18
5,9.239612472828105e+18
